group,category,2020_01_01,2020_02_01,2020_03_01,2020_04_01,2020_05_01,2020_06_01,2020_07_01,2020_08_01,2020_09_01,2020_10_01,2020_11_01,2020_12_01,2021_01_01,2021_02_01,2021_03_01,2021_04_01,2021_05_01,2021_06_01,2021_07_01,2021_08_01,2021_09_01,2021_10_01,2021_11_01,2021_12_01,2022_01_01,2022_02_01,2022_03_01,2022_04_01,2022_05_01,2022_06_01,2022_07_01,2022_08_01,2022_09_01,2022_10_01,2022_11_01,2022_12_01,2023_01_01,2023_02_01,2023_03_01,2023_04_01,2023_05_01,2023_06_01,2023_07_01,2023_08_01,2023_09_01,2023_10_01,2023_11_01,2023_12_01,2024_01_01,2024_02_01,2024_03_01,2024_04_01,2024_05_01,2024_06_01,2024_07_01,2024_08_01,2024_09_01,2024_10_01,2024_11_01,2024_12_01,2025_01_01,2025_02_01,2025_03_01,2025_04_01,2025_05_01,2025_06_01,job_code
0a43d3000d9,0,,,,,,,,,,,,,,,,,,,,,,,,,,,,,,,,,,,,2,2,2,2,2,2,2,2,2,2,2,2,2,2,2,1,1,1,1,1,1,1,1,1,,,,,,,,101
0a43d3000d9,0,12,12,12,12,12,11,11,11,11,11,11,31,31,31,31,31,31,31,31,30,28,28,28,30,29,29,29,29,29,29,29,29,28,28,27,23,23,23,23,22,22,22,22,22,22,22,21,25,25,25,24,24,24,23,23,23,23,23,23,26,26,26,26,26,26,25,102
0a43d3000d9,1,2,2,3,3,3,4,4,6,6,6,6,1,1,1,1,1,1,1,1,1,1,1,1,1,1,1,1,1,1,1,2,4,5,5,5,,2,2,2,2,2,3,5,9,9,9,10,,,,,,,1,2,5,8,9,9,,1,1,1,2,3,4,102
0a43d3000d9,0,12,12,12,12,12,12,12,12,12,12,12,12,12,12,12,12,12,12,13,13,14,13,13,13,13,13,13,13,13,13,13,13,13,13,13,13,13,13,13,13,13,13,13,13,13,13,13,13,13,13,13,13,13,13,,,,,,,,,,,2,2,103
0a43d3000d9,0,11,11,11,11,11,11,11,11,11,11,11,14,14,14,14,14,14,14,14,13,13,12,12,22,22,22,22,22,22,22,22,22,23,23,23,26,26,25,25,24,24,24,24,23,23,23,23,23,23,24,24,24,23,23,23,23,23,23,22,28,28,27,27,27,27,27,103
0a43d3000d9,1,20,20,21,22,22,22,22,22,22,21,21,15,15,15,15,15,15,16,17,17,18,18,18,4,4,4,4,4,4,4,4,5,6,6,6,3,3,3,4,4,3,3,4,5,6,6,6,3,3,3,3,3,3,4,4,4,4,4,4,1,1,2,3,3,4,4,103
0a43d3000d9,0,4,5,5,5,6,8,8,8,7,8,9,8,8,9,9,10,9,9,8,8,9,10,10,11,14,15,18,21,23,24,25,19,20,24,25,19,22,22,22,22,22,23,24,26,26,27,29,24,27,30,31,33,38,44,37,41,45,45,47,30,31,30,32,24,28,29,104
0a43d3000d9,0,60,60,60,60,60,59,59,59,59,58,58,138,137,136,135,135,134,133,130,130,130,129,127,161,157,155,155,154,153,152,152,133,130,128,127,189,187,184,184,184,178,178,177,177,176,177,175,219,220,219,216,211,211,211,211,210,209,209,209,255,252,251,251,251,250,251,104
0a43d3000d9,1,152,155,158,158,158,160,160,161,161,162,162,82,83,85,94,95,94,97,98,102,101,100,99,61,62,66,67,66,65,65,65,64,64,66,69,14,14,17,28,29,30,33,33,35,36,40,46,8,9,13,19,21,22,22,24,26,27,28,39,5,9,12,19,20,21,22,104
0a43d3000d9,0,,,,,,,,,,,,,,,,,,,,,,,,,,,,,,,,,,,,,,,,,,,,,,,,1,1,1,1,1,1,1,,,,,,,,,,,,,105
0a43d3000d9,1,,,,,,,,,,,,,,,,,,,,,,,,,,,,,,,,,,,,,,,1,1,1,1,1,1,1,1,1,,,,,,,,,,,,,,,,,,,,105
0a43d3000d9,1,1,1,1,1,1,1,1,1,1,1,1,,,,,,,,,,,,,,,,,,,,,,,,,,,,,,,,,,,,,,,,,,,,,,,,,,,,,,,,108
0a43d3000d9,0,,,,,,,,,,,,2,2,2,2,2,2,2,2,2,2,2,2,1,1,1,1,1,1,1,1,1,1,1,1,1,1,1,1,1,1,1,1,1,1,1,1,1,1,1,1,1,1,1,1,1,1,1,1,1,1,1,1,1,1,1,108
0a43d3000d9,0,11,11,11,11,11,11,11,11,10,10,10,15,15,15,15,15,15,15,15,15,15,15,15,14,14,14,14,13,13,13,12,12,12,12,12,16,16,16,16,16,16,16,15,15,15,14,14,20,20,20,20,19,19,19,19,19,19,19,19,23,22,22,22,21,21,21,110
0a43d3000d9,0,,1,,,,,,,,,,,,,,,,,,,,,,,,,,,,,,,,,,,,,,,,,,,,,,,,,,,,,,,,,,,,,,,,,110
0a43d3000d9,1,9,10,9,9,9,8,8,8,8,7,7,,,,,1,1,1,2,2,2,2,2,,,,1,1,1,1,2,3,4,4,4,,2,3,3,3,3,4,4,4,4,4,6,,,2,2,2,2,2,3,3,3,3,3,,,1,2,2,2,2,110
0a43d3000d9,1,37,37,38,38,38,38,38,38,38,38,38,12,12,12,12,12,12,12,13,13,12,12,12,11,11,11,11,13,13,14,16,16,16,16,15,,1,1,1,1,1,1,1,1,1,1,1,,,,,,3,3,3,3,4,4,4,,,,1,1,1,1,111
0a43d3000d9,0,3,3,3,3,3,3,3,3,3,3,3,31,31,31,31,31,31,30,30,29,29,29,29,33,32,32,32,32,32,32,32,32,32,31,31,46,46,45,45,43,43,43,42,42,42,42,41,42,42,42,42,42,42,42,42,42,43,43,43,46,46,46,44,43,43,43,111
0a43d3000d9,1,287,288,288,288,287,287,292,297,293,293,292,213,210,211,212,212,211,211,211,214,217,217,216,176,175,173,173,173,172,172,171,170,168,168,168,158,157,157,156,156,155,155,155,155,155,154,154,142,140,140,140,140,140,139,138,137,135,135,135,125,125,125,125,125,125,125,201
0a43d3000d9,0,30,30,30,30,30,30,30,30,30,30,30,91,91,91,91,90,89,89,89,89,89,88,86,118,117,117,117,117,117,117,117,110,108,108,108,131,129,129,129,129,129,129,129,128,128,126,125,152,150,150,150,148,148,148,148,148,148,148,146,169,169,168,167,167,167,167,201
0a43d3000d9,1,2,2,2,2,2,1,1,3,3,3,3,,,,,,,,3,3,3,2,2,,,,,,1,3,5,8,10,11,12,1,1,1,1,1,1,3,3,4,4,4,4,1,1,1,1,1,1,1,3,4,4,4,4,,1,1,1,1,1,1,202
0a43d3000d9,0,7,7,7,7,7,7,7,7,7,7,7,14,14,14,13,13,13,13,13,13,13,13,13,22,22,22,21,21,21,21,21,21,21,21,21,28,27,27,27,27,27,27,27,27,27,27,27,23,23,23,23,21,21,20,19,19,19,19,19,16,16,16,16,16,16,16,202
0a43d3000d9,0,,,,,,,,,,7,7,,,,,,,,,,,,,,,,,,,,,,,,,,,,,,,,,1,,,,,,,,,,,,,,,,,,,,,,,203
0a43d3000d9,1,9,9,9,8,8,8,8,7,7,6,5,5,5,4,4,4,4,4,4,4,4,4,4,1,1,1,1,1,1,1,1,1,1,1,1,1,1,1,1,1,1,1,1,1,1,3,3,1,1,1,1,1,1,1,1,1,1,1,1,,,,,,,,203
0a43d3000d9,0,2,2,2,2,2,2,2,2,2,2,2,10,7,7,7,7,7,7,7,7,7,7,7,12,9,9,9,9,9,9,9,9,9,9,9,7,7,7,7,7,7,7,7,7,7,7,7,5,5,5,5,4,4,4,4,4,5,5,5,4,4,4,4,4,4,4,203
0a43d3000d9,0,,,,,,,,,,4,4,4,2,,,,,,,,,,,,,,,,,,,,,,,,,,,,,,,,,,,,,,,,,,,,,,,,,,,,,,204
0a43d3000d9,0,,,,,,,,,,,,,,,,,,,,,,,,,,,,,,,,,,,,,,,,,,,,,,,,3,3,3,3,3,3,3,3,3,3,3,3,7,7,7,7,7,7,7,204
0a2660b,1,1,1,2,2,2,2,2,2,2,2,2,,,,1,1,1,,,,,,,,,,,,,,,,,,,,,,,,,,,,,,,,,,,,,,,,,,,,,,,,,,104
0a2660b,0,2,2,2,2,2,2,2,2,2,2,2,4,4,4,4,4,4,,,,,,,,,,,,,,,,,,,,,,,,,,,,,,,,,,,,,,,,,,,,,,,,,,104
0a2660b,0,,,,,,,,,,,,3,3,3,3,3,3,3,3,2,2,2,2,1,,,,,,,,,,,,,,,,,,,,,,,,,,,,,,,,,,,,,,,,,,,110
0a2660b,0,,,,,,,,,1,1,1,1,1,,,,,,,,,,,,,,,,,,,,,,,,,,,,,,,,,,,,,,,,,,,,,,,,,,,,,,110
0a2660b,1,2,2,2,2,2,2,2,2,2,2,3,,,,,,,,,,,,,,,,,,,,,,,,,,,,,,,,,,,,,,,,,,,,,,,,,,,,,,,,110
0a2660b,0,2,2,,,,,,,,,,,,,,,,,,,,,,,,,,,,,,,,,,,,,,,,,,,,,,,,,,,,,,,,,,,,,,,,,111
0a2660b,1,17,17,16,16,15,13,12,11,11,11,11,,,,,,,,,,,,,,,,,,,,,,,,,,,,,,,,,,,,,,,,,,,,,,,,,,,,,,,,201
0a2660b,0,2,2,1,1,1,1,1,1,1,1,1,12,11,11,11,11,10,10,10,7,7,7,7,7,,,,,,,,,,,,,,,,,,,,,,,,,,,,,,,,,,,,,,,,,,,201
0a2660b,0,1,1,1,,,,,,,,,1,1,1,1,1,1,1,1,1,1,1,1,3,,,,,,,,,,,,,,,,,,,,,,,,,,,,,,,,,,,,,,,,,,,202
0a2660b,1,1,1,1,,,1,1,1,1,1,1,,,,,1,1,1,1,2,2,2,2,,,,,,,,,,,,,,,,,,,,,,,,,,,,,,,,,,,,,,,,,,,,202
0a2660b,1,,,,,,,,,,,1,1,1,1,1,1,1,1,1,1,1,,,,,,,,,,,,,,,,,,,,,,,,,,,,,,,,,,,,,,,,,,,,,,203
0efc10,0,1,1,1,1,1,1,1,1,1,1,1,,,,,,,,,,,,,,,,,,,,,,,,,,,,,,,,,,,,,,,,,,,,,,,,,1,1,1,1,1,1,1,102
0efc10,0,,,,,,,,,,,,,,,,,,,,,,,,,,1,1,1,1,1,1,2,2,1,1,1,,1,1,1,1,1,1,1,1,1,1,1,1,1,1,1,1,1,1,1,2,2,2,2,3,3,3,3,5,6,103
0efc10,1,2,2,2,2,2,2,2,2,2,2,1,,,,,,,,,,,,,,,,,,,,,,1,1,1,,,,,,,1,1,1,1,1,1,,,,,,,,,2,4,4,4,,,,,,,,103
0efc10,0,1,1,1,1,1,1,1,1,1,1,1,1,1,1,1,1,1,1,1,1,1,1,1,1,1,1,1,1,1,1,1,1,1,1,1,2,2,2,2,2,2,2,2,2,2,2,2,6,6,6,6,6,6,6,5,5,5,5,5,6,6,5,5,4,4,4,103
0efc10,0,,,,,,,,,,,,,,,,,,1,1,1,1,1,1,1,3,5,4,5,4,2,1,1,,,,,,,,,,,,,,,,,,,,,,,,,,1,1,1,1,2,2,2,2,1,104
0efc10,1,15,16,16,14,14,14,14,15,14,16,16,,,1,2,8,8,8,8,9,9,11,11,3,3,4,4,5,5,5,5,5,5,5,5,,,,1,3,4,4,5,6,6,6,6,,,,1,1,1,1,2,3,3,3,3,,,,,,,,104
0efc10,0,4,4,4,4,4,4,4,4,4,4,4,20,20,20,20,20,19,19,18,18,18,18,18,27,27,27,26,26,24,24,24,24,24,24,23,29,23,23,23,23,23,23,22,21,21,21,21,27,25,25,25,25,25,23,23,23,23,23,23,26,26,26,26,26,26,26,104
0efc10,0,,,,,,,,,,,,,,,,,,,,,,,,,,,,,,,,,,,,,,,,,,,,,,,,,,,,,,,,,,,,3,3,3,3,3,3,3,105
0efc10,1,,,,,,,,,,,,,,,,,,,,,,,,,,,,,,,,,1,1,1,,,,,,,,,,,,,,,,,,,,,,1,1,1,,,,,,,,105
0efc10,1,7,7,7,7,6,6,6,6,7,7,7,2,2,3,4,4,5,5,7,8,8,8,8,,1,1,3,3,3,3,2,3,3,3,4,,,,,,1,1,1,1,1,2,2,,,,,,,,,,,,,,1,2,2,2,2,2,110
0efc10,0,,,,,,,,,,1,1,,,,,,1,1,1,1,1,,,,,,,,,,,,,,,,,,,,,,,,,,,,,,,,,,,,,,,,,,,,,,110
0efc10,0,6,6,5,5,5,5,5,5,5,5,4,10,10,10,9,9,9,9,9,9,9,9,9,17,17,17,17,17,17,16,16,16,15,13,12,16,16,16,15,15,15,15,14,14,14,14,14,16,16,16,16,16,16,16,16,16,16,16,16,16,16,16,16,16,16,16,110
0efc10,0,1,1,1,,,,,,,,,,,,,,,,,,,,,,,,,,,,,,,,,,,,,,,,,,,,,,,,,,,,,,,,,,,,,,,,111
0efc10,0,1,1,1,1,,,,,,,,,,,,,,,,,,,,,,,,,,,,,,,,,,,,,,,,,,,,,,,,,,,,,,,,,,,,,,,111
0efc10,0,13,13,13,11,11,11,11,11,11,11,11,65,64,64,63,63,62,62,62,62,62,62,62,67,66,66,65,64,64,62,61,60,60,59,58,59,53,52,52,51,51,51,51,51,51,51,50,51,51,49,48,46,45,45,45,44,43,42,42,46,46,46,46,46,46,46,201
0efc10,1,53,53,53,53,55,56,55,56,56,56,57,,,2,2,2,2,2,2,2,2,2,2,,,,,,1,1,2,3,3,3,3,,1,2,2,2,2,2,2,3,3,3,3,,,,,,,,,,,,,,,,,,,,201
0efc10,1,,,,,,,1,2,2,2,2,,,,,,,,,,,,,,,,,,,,1,2,2,2,2,,,,,,,1,3,5,6,7,7,,1,1,1,1,1,1,1,1,4,5,5,,,,,,,,202
0efc10,0,2,2,2,1,1,1,1,1,1,1,1,8,8,7,7,7,7,7,7,7,7,7,6,3,3,3,3,3,3,3,3,3,3,3,3,5,3,3,3,3,3,3,3,3,3,3,3,9,9,9,9,9,9,8,8,8,8,8,8,11,11,11,11,11,11,11,202
0efc10,0,,,,,,,,,,,,,,,,,,,,,,,,,,,,,,,,,,,,,,,,,,,,,,,,,,,,,,,,,1,1,1,,,,,,,,204
0efc10,0,,,,,,,,,,,,,,,,,,,,,,,,,,,,,,,,,,,,1,1,1,1,1,1,1,1,1,1,1,1,1,1,1,1,1,1,1,1,1,1,1,1,,,,,,,,205
2dde0bc5b2,0,,,,,,,,,,,,,,,,,,,,,,,,,,,,,,,,,,,,,,,,,1,1,1,,,,,,,,,,,,1,1,,,,,,,,1,1,1,103
2dde0bc5b2,1,5,5,5,5,5,5,5,5,5,5,5,3,2,1,1,1,1,1,1,1,1,1,1,1,1,1,1,1,1,1,1,1,1,1,1,1,2,2,2,3,3,3,3,4,6,7,7,1,1,1,1,1,1,1,1,1,2,2,2,,1,1,1,1,1,1,103
2dde0bc5b2,0,3,3,3,3,3,2,2,2,2,1,1,2,2,2,2,2,2,2,1,1,1,1,1,2,2,2,2,2,2,2,1,1,1,1,1,1,1,1,1,1,1,1,1,1,1,,,3,3,3,3,3,3,3,3,3,3,3,3,9,9,9,9,10,9,9,103
2dde0bc5b2,0,1,1,1,1,1,1,1,1,1,1,1,8,8,8,8,8,8,8,8,8,8,8,8,10,10,10,10,9,8,8,8,8,8,8,8,9,9,9,9,9,9,9,9,9,9,9,9,11,11,11,11,11,11,11,10,10,10,10,10,10,9,9,9,9,9,9,104
2dde0bc5b2,1,8,8,8,7,7,7,6,7,7,7,7,,,,,2,3,3,2,2,2,2,2,,,,1,1,1,1,1,1,1,2,2,,,,,1,1,1,1,1,2,2,2,,,,,,,,,,,,,,,,,,2,2,104
2dde0bc5b2,0,,,,,,,,,,,,,,,,,,,,,,,,1,1,1,1,1,1,1,1,1,1,1,1,1,1,1,1,1,1,1,1,1,1,1,1,1,1,1,1,1,1,1,1,1,1,1,1,1,1,1,1,1,1,1,108
2dde0bc5b2,1,1,1,1,1,1,1,1,1,1,,,,,,,,,,1,1,1,1,1,,,,,,,,,,,,,,,,,,,,,,,,,,,,,,,,,,,,,,,,,,,,108
2dde0bc5b2,0,1,1,1,1,1,1,1,1,1,1,1,2,2,2,2,2,2,2,2,2,2,2,2,2,2,2,2,2,2,2,2,2,2,2,2,5,5,5,5,5,5,5,5,5,5,5,5,6,6,6,6,6,6,6,6,6,6,6,6,6,6,5,5,5,5,5,110
2dde0bc5b2,1,1,1,1,1,1,1,1,1,1,1,1,1,1,1,1,1,1,1,1,1,1,1,1,1,3,3,3,3,3,4,4,4,4,4,4,1,1,1,1,1,2,2,2,1,1,1,1,,,,,,,,,,,,,,,,,,,,110
2dde0bc5b2,0,1,1,1,1,,,,,,,,,,,,,,,,,,,,,,,,,,,,,,,,,,,,,,,,,,,,,,,,,,,,,,,,,,,,,,,111
2dde0bc5b2,0,1,1,1,1,1,1,1,1,1,1,1,,,,,,,,,,,,,,,,,,,,,,,,,,,,,,,,,,,,,,,,,,,,,,,,,,,,,,,,111
2dde0bc5b2,1,45,45,45,45,45,45,46,49,49,50,50,34,34,34,33,33,33,33,33,34,34,35,35,31,31,31,30,29,27,27,27,27,30,30,30,25,25,25,25,25,25,25,25,26,26,26,26,25,25,25,25,25,25,25,25,25,25,25,25,25,25,25,25,25,25,25,201
2dde0bc5b2,0,6,6,6,6,6,6,6,6,6,6,6,14,14,14,14,14,14,14,13,13,13,13,13,21,21,21,20,20,20,20,20,20,20,20,19,26,26,26,26,26,26,26,26,26,26,25,25,28,28,28,28,28,28,28,27,27,27,27,27,31,31,31,31,31,31,31,201
2dde0bc5b2,1,2,2,2,2,2,,,,,,,,,,,,,,,,,,,,,,,,,,,,,,,,1,1,1,1,1,2,2,6,13,16,16,,,,,,,,3,3,4,5,5,,,,,,,,202
2dde0bc5b2,0,7,7,7,7,7,7,6,6,6,6,6,15,15,15,15,15,15,15,15,15,14,14,14,9,9,9,9,9,9,9,9,9,9,9,9,7,7,7,7,7,7,7,7,7,7,7,7,24,23,23,23,23,23,23,22,22,22,22,22,18,18,18,18,18,18,18,202
2dde0bc5b2,0,,,,,,,,,,,,,,,,,,,,,,,,1,1,1,1,1,1,1,1,1,1,1,1,1,1,1,1,1,1,1,1,1,1,1,1,2,2,2,2,2,2,2,2,2,2,2,2,3,3,3,3,3,3,3,203
2dde0bc5b2,1,8,8,8,8,8,8,8,8,8,8,8,8,8,7,7,8,8,8,8,8,8,8,8,6,6,6,6,6,6,6,6,6,7,7,7,6,7,7,7,7,7,7,7,7,7,6,6,5,5,4,4,4,4,4,4,4,4,4,4,4,4,4,3,3,3,3,203
3bb3f9f2b,0,419,419,408,394,386,381,378,375,369,329,316,436,425,425,419,415,404,399,395,382,376,372,366,449,440,431,416,411,398,387,382,374,369,366,360,472,471,467,461,457,454,455,446,442,437,429,427,514,511,507,499,489,485,484,479,475,470,468,463,532,528,522,520,514,509,508,110
3bb3f9f2b,0,37,42,38,26,28,23,24,23,25,22,26,5,8,10,11,15,15,14,12,13,14,14,12,4,3,3,5,5,6,7,7,10,12,15,13,9,11,10,10,11,10,11,11,12,11,11,9,7,8,8,8,9,10,10,10,13,12,9,11,10,10,12,11,10,7,8,110
3bb3f9f2b,1,97,110,126,124,124,127,128,132,135,120,123,36,38,38,39,45,51,58,62,75,78,80,81,8,18,28,36,43,51,55,59,73,98,116,118,2,25,35,44,46,47,55,69,73,80,84,90,2,6,11,12,18,27,32,40,44,52,63,64,1,5,7,9,17,29,33,110
3bb3f9f2b,0,5,5,5,5,5,5,5,5,5,5,5,3,3,3,3,2,2,2,2,2,2,2,2,,,,,,,,,,,,,1,1,1,1,1,1,1,1,1,1,1,1,1,1,1,1,1,1,1,1,1,1,1,1,1,1,1,1,1,1,1,111
3bb3f9f2b,0,,,,,,,,,,,1,1,1,1,1,1,1,,,,,,,,,,,,,,,,,,,,,,,,,,,,,,,,,,,,,,,,,,,,,,,,,,209
3bb3f9f2b,0,,,1,1,,,,,,,,,,,,,,,,,,,,,,,,,,,,,,,,,,,,,,,,,,,,,,,,,,,,,,,,,,,,,,,210
3bb3f9f2b,0,2,2,2,2,2,2,2,2,1,1,1,,,,,,,,,,,,,1,,,,,,,,,,,,,,,,,,,,,,,,,,,,,,,,,,,,,,,,,,,210
3bb3f9f2b,0,3,3,3,3,3,3,3,3,3,3,3,,,,,,,,,,,,,,,,,,,,,,,,,,,,,,,,,,,,,,,,,,,,,,,,,,,,,,,,211
3d882ff,0,,,,,,,,,,,,,,,,,,,,,,,,,,,,,,,,,,,,,,,,,,,,,1,4,4,1,1,1,2,2,,,,,,,,,,,,,,,103
3d882ff,0,,,,,,,,,,,,,,,,,,,,,,,,,,,,,,,,,,,,,,,,,,,,,,,,2,2,3,8,8,8,1,,,,,,,,,,,,,104
3d882ff,0,,,,,,,,,,,,,,,,,,,,,,,,,,,,,,,,,,,,,,,,,,,,,,,,2,2,2,2,2,2,2,,,,,,,,,,,,,104
3d882ff,1,,,,,,,,,,,,,,,,,,,,,,,,,,,,,,,,,,,,,,,,,,,,,,,,,1,1,3,3,5,6,,,,,,,,,,,,,104
4c,1,,,,,,,,,,,,,,,,,,,,,,,,,,,,,,,,,1,1,1,,,,,,,,,,,,,,,,,,,,,,,,,,,,,,,,102
4c,0,,,,,,,,,,,,,,,,,,,,,,,,,,,,,,,,,,,,1,1,1,1,1,1,1,1,1,1,1,1,1,1,1,1,,,,,,,,,,,,,,,,102
4c,1,,,,,,,,,,,,,,,,,,1,1,9,9,9,9,,,,,,,,,,,,,,,,,,,,,,,,,,,,,,,,1,1,2,2,1,,,1,1,1,1,1,103
4c,0,,,,,,,,,,,,,,,,,,,,,,,,8,8,7,7,7,7,7,7,7,7,7,7,9,9,8,8,8,8,8,8,8,8,8,8,11,11,11,11,11,10,10,11,11,11,11,11,15,14,13,13,13,13,13,103
4c,0,,,,,,,,,,,,,,,,,,,,,,,,,,,,,,,,,1,1,1,1,2,3,4,4,5,5,5,5,5,5,5,,,,,,,1,1,1,1,1,2,1,1,1,1,1,1,1,103
4c,0,,,,,,,,,,,,,,,,,,,,,,,,,,,,,,,,,,,,,,,,,,,,,,,,,,,,,,,,,,,,,,1,1,1,1,1,104
4c,0,,,,,,,,,,,,,,,,,,,,,,,,,,,,,,,,,,,,,,,,,,,,,,,,,,,,,,,1,2,2,2,2,2,3,5,5,5,5,5,105
4c,0,,,,,,,,,,,,,,,,,,,,,,,,,,,,,,,,,,,,,,,,,,,,,,,,1,1,1,1,1,1,1,1,1,1,1,1,1,1,1,1,1,1,1,110
4c,1,,,,,,,,,,,,,,,,,,,,,,,,,,,,,,,,,,,,,,,,,,,1,1,,1,1,,,,,,,,,,,,,,,,,,,,110
4c,0,,,,,,,,,,,,,,,,,,,,,,,,,,,,,,,,,,,,,,,1,1,1,1,1,,,,,,,,,,,,,,,,,,,,,,,,203
4c,0,,,,,,,,,,,,,,,,,,,,,,,,1,1,1,1,1,1,1,1,1,1,1,1,,,,,,,,,,,,,2,2,2,2,2,2,2,2,2,2,2,2,,,,,,,,203
5b58106a081d88df,0,1,1,1,1,1,1,1,1,1,1,1,,,,,,,,,,,,,,,,,,,,,,,,,,,,,,,,,,,,,,,,,,,,,,,,,,,,,,,,101
5b58106a081d88df,0,3,3,3,3,3,3,3,3,3,3,3,9,9,9,9,9,9,9,9,9,8,8,7,10,10,10,10,10,10,10,10,10,10,10,10,8,8,9,9,9,9,9,9,9,9,9,9,9,9,9,9,9,9,9,9,9,9,9,9,10,10,10,10,10,10,10,102
5b58106a081d88df,1,3,3,3,3,3,3,3,3,3,3,3,,,,,,,,,,,,,,,,,,,,,1,1,1,1,,,,,,,,1,1,1,1,1,,,,,,,,,,,,,,,,,,,,102
5b58106a081d88df,1,45,45,45,43,43,44,44,45,50,51,52,3,6,6,7,7,7,7,8,6,8,8,8,2,2,2,2,2,2,2,2,4,5,6,6,2,2,2,2,3,4,4,8,9,9,11,11,1,1,1,2,3,4,4,4,7,10,9,10,1,1,1,1,1,1,1,103
5b58106a081d88df,0,,,,,,,1,1,1,1,1,1,1,1,1,1,1,1,1,1,1,1,1,,,,,,,,,,,,,,,,,,,,,2,2,2,2,,,,,,,,,,,,,,,,,1,1,1,103
5b58106a081d88df,0,19,19,19,19,19,19,19,18,17,16,16,77,76,76,75,75,75,73,69,68,68,68,68,70,70,69,69,67,67,65,57,54,53,49,49,50,49,48,46,46,46,46,45,45,45,45,45,51,50,50,50,50,50,49,48,47,47,46,46,53,51,50,48,49,49,49,103
5b58106a081d88df,1,147,150,152,153,156,156,156,158,157,160,160,36,38,41,44,46,47,47,47,48,48,51,52,30,29,30,29,30,30,32,31,31,33,36,40,11,11,11,16,18,21,23,25,28,28,29,30,8,8,9,11,13,14,17,17,19,21,27,30,7,8,10,11,12,13,13,104
5b58106a081d88df,0,50,50,48,47,47,47,47,47,47,47,47,169,169,166,165,164,163,160,157,156,156,156,152,174,171,167,164,163,162,159,154,154,151,148,148,177,176,175,174,174,173,173,173,173,173,172,170,194,192,191,191,190,190,190,190,188,188,186,186,209,207,205,205,203,203,200,104
5b58106a081d88df,0,,,,,,,,,,1,1,1,1,1,1,1,1,,,,,,,,,,,,,,,,,,,,,,,,,,2,2,3,4,4,2,3,2,2,,,,,1,1,1,1,,,,,2,6,7,104
5b58106a081d88df,1,38,38,38,38,38,38,40,41,45,46,47,8,8,8,8,8,8,8,8,9,9,10,10,8,7,8,9,8,9,9,8,9,9,11,11,5,5,6,6,6,7,7,10,14,18,18,18,4,4,4,5,6,6,6,6,6,9,11,11,4,5,5,5,5,5,5,105
5b58106a081d88df,0,14,14,14,14,14,14,14,14,14,14,14,53,52,52,52,52,52,51,51,51,51,51,50,52,52,51,51,50,48,48,47,47,46,45,45,51,51,50,50,50,50,50,50,50,49,49,50,64,64,64,64,64,63,63,64,64,63,63,63,71,71,71,71,69,69,68,105
5b58106a081d88df,0,,,,,,,,,,,,,,,,,,,,,,,,,,,,,,,,,,,,,,,,,,,,,,,,,,,,,,,,,,,,,,,1,1,1,1,105
5b58106a081d88df,1,19,19,19,19,19,20,20,20,20,20,20,12,12,12,12,12,12,13,13,13,14,14,14,4,5,5,6,6,7,8,8,9,9,9,9,4,5,5,6,6,7,7,8,9,11,11,11,1,1,1,1,3,3,4,4,4,4,4,4,2,2,2,2,2,2,2,108
5b58106a081d88df,0,10,10,10,10,10,10,10,10,10,10,9,18,18,18,18,18,18,18,18,15,15,15,15,25,24,24,24,24,23,23,23,23,23,23,23,28,28,28,27,27,27,27,27,27,27,27,27,37,37,37,37,37,37,37,37,37,37,37,37,39,37,37,37,36,35,35,108
5b58106a081d88df,0,17,17,17,16,16,16,16,16,16,10,10,15,15,15,15,15,14,14,14,13,14,13,13,14,14,14,14,14,14,14,15,15,15,15,14,17,17,17,17,17,17,17,17,17,17,17,17,17,17,17,17,17,18,18,18,18,18,18,18,21,21,21,21,21,21,20,110
5b58106a081d88df,1,4,4,3,3,5,5,5,5,5,5,5,,,,,,,1,1,2,2,2,2,1,1,1,1,1,4,4,4,4,4,3,3,,1,1,1,1,1,1,,,,,,,,1,1,1,2,2,2,2,2,2,2,,,1,1,1,1,1,110
5b58106a081d88df,0,15,15,15,15,15,15,15,15,15,15,15,60,60,60,60,59,59,59,59,59,59,59,59,71,71,71,71,71,71,71,71,71,71,70,70,89,89,89,89,89,89,89,88,88,88,88,87,90,91,90,90,90,90,89,89,89,88,87,87,91,90,90,90,90,90,90,201
5b58106a081d88df,1,93,93,93,93,92,92,92,94,96,96,96,40,40,40,40,40,40,40,41,41,41,41,41,33,33,33,33,33,33,33,32,32,32,32,31,18,18,18,18,18,18,18,18,18,18,18,18,17,17,17,17,17,17,17,17,17,17,17,17,15,15,15,15,15,15,15,201
5b58106a081d88df,0,,,,,,,,,,,,4,4,4,4,4,4,4,4,4,4,4,4,1,1,1,1,1,1,1,1,1,1,1,1,2,2,2,2,2,2,2,2,2,2,2,2,3,3,3,3,3,3,3,3,3,3,3,3,,,,,,,,202
5b58106a081d88df,1,13,13,13,13,13,13,13,13,13,13,13,2,2,2,2,2,2,2,2,2,2,2,2,1,1,1,1,1,1,1,1,1,1,1,1,1,1,1,1,1,1,1,1,1,1,1,1,1,1,1,1,1,1,1,1,1,1,1,1,,,,,,,,203
5b58106a081d88df,0,,,,,,,,,,,,,,,,,,,,,,,,,,,,,,,,,,,,,,,,,,,,1,,,,,,,,,,,,,,,,,,,,,,,203
5b58106a081d88df,0,4,4,4,4,4,4,4,4,4,4,4,8,6,6,6,6,5,5,5,5,5,5,4,5,5,5,5,5,5,5,5,5,5,5,5,4,4,4,4,4,4,4,4,4,4,4,4,7,7,7,7,7,7,7,6,5,5,5,5,7,7,7,7,6,6,5,203
5b58106a081d88df,0,,,,,,,,,,,,1,1,1,1,1,1,1,1,1,1,1,1,1,1,1,1,1,1,1,1,1,1,1,1,1,1,1,1,1,1,1,1,1,1,1,1,1,1,1,1,1,1,1,1,1,1,1,1,1,1,1,1,1,2,2,204
6a6f88,0,,,,,,,,,,,,,,,,,,,,,,,,1,1,1,1,1,1,1,1,,,,,,,,,,,,,,,,,,,,,,,,,,,,,,,,,,,,101
6a6f88,1,1,1,1,1,1,1,1,1,1,1,1,1,1,1,1,1,1,1,1,1,1,1,1,,,,,,,,,,,,,,,,,,,,,,,,,,,,,,,,,,,,,,,,,,,,101
6a6f88,0,,,,,,,,,,,,,,,,,,,,,,,,,1,1,1,1,1,1,1,,,,,,,,,,,,,,,,,,,,,,,,,,,,,,,,,,,,103
6a6f88,1,,1,1,1,1,1,1,,1,1,1,,,,,,,,,,,,,,,,,,,,,,,,,,,,,,,,,,,,,,1,1,1,,,,,,,,,,,,,,,,104
6a6f88,0,5,5,5,5,5,5,5,4,4,4,4,8,8,8,8,8,8,8,8,7,7,7,7,5,5,5,5,5,5,5,5,,,,,,,,,,,,,,,,,,,,,,,,,,,,,,,,,,,,104
6a6f88,0,2,3,3,3,3,4,1,1,1,1,,,,,,,,,,,,,,,,,,1,1,1,1,,,,,,,,,,,,,,,,,,,,,,,,,,,,,,,,1,3,4,5,104
6a6f88,0,1,1,1,1,1,1,1,1,1,1,1,1,1,1,1,,,,,,,,,,,,,,,,,,,,,,,,,,,,,,,,,,,,,,,,,,,,,,,,,,,,108
6a6f88,0,,,,,,,,,,,,,,,,,,,,,,,,3,2,2,2,2,2,1,1,1,1,1,1,1,,,,,,,,,,,,,,,,,,,,,,,,,,,,,,,204
6a6f88,1,,,,,,1,1,2,2,2,2,,,,,,,,,,,,,,,,,,,,,,,,,,,,,,,,,,,,,,,,,,,,,,,,,,,,,,,,204
6a6f88,0,,,,,,,,1,1,2,2,1,1,1,1,1,1,1,1,1,1,1,1,,,,,,,,,,,,,,,,,,,,,,,,,,,,,,,,,,,,,,,,,,,,204
181a00d0f,0,,,,,,,,,,,,,,,,,,,,,,,,,,,,,,,,,,,,,1,1,1,1,1,1,1,1,1,1,1,,,,,,,,,,,,,,,,,,,,102
181a00d0f,0,,,,,,,,,,,,,,,,,,,,,,,,,,,,,,,,,,,,1,1,1,,,,,,,,,,,,,,,,,,,,,,,,,,,,,104
181a00d0f,0,,,,,,,,,,,,,,,,,,,,,,,,,,,,,,,,,1,2,2,1,,,,,,,,,,,,,,,,,,,,,,,,,,,,,,,110
181a00d0f,0,,,,,,,,,,,,1,1,1,1,1,1,1,1,1,1,1,1,1,1,1,1,1,1,1,1,1,1,1,1,16,15,15,15,14,13,12,12,12,11,11,11,14,14,13,12,12,12,12,12,13,13,13,13,15,15,14,14,14,14,14,110
181a00d0f,1,1,1,1,1,1,1,1,1,1,1,1,,,,,,,,,,,,,,,,,,,,,,17,16,15,,,,1,1,2,2,2,2,2,3,3,,,,1,2,2,2,2,2,2,2,2,,,,,1,1,1,110
181a00d0f,1,,,,,,,,,,,,,,,,,,,,,,,,,,,,,,,,,,,,,71,71,70,70,70,71,71,73,74,76,77,,2,2,2,2,2,2,2,2,4,4,4,,,,,,,,203
181a00d0f,0,,,,,,,,,,,,,,,,,,,,,,,,,,,,,,,,,,,,2,2,1,,,,,,,,,,79,79,78,78,78,77,77,77,76,76,76,76,74,72,72,72,72,72,69,203
181a00d0f,0,,,,,,,,,,,,,,,,,,,,,,,,,,,,,,,,1,1,2,2,1,2,2,2,2,2,2,2,2,2,2,1,1,1,1,1,1,1,1,1,1,1,1,1,1,,,,,,,203
181a00d0f,0,,,,,,,,,,,,,,,,,,,,,,,,,,,,,,,,2,4,12,11,9,10,10,9,8,8,8,8,8,8,8,8,5,5,5,5,5,5,5,5,5,5,5,5,4,,,,,,,204
181a00d0f,1,,,,,,,,,,,,,,,,,,,,,,,,,,,,,,,,,,,,2,3,10,12,12,12,12,13,21,22,25,26,1,1,7,11,12,12,12,13,14,14,14,14,,1,5,7,8,8,8,204
181a00d0f,0,,,,,,,,,,,,,,,,,,,,,,,,,,,,,,,,,,,,191,188,188,187,187,186,186,185,183,183,183,182,210,206,205,203,201,201,201,198,196,192,190,187,190,188,188,188,187,186,186,204
181a00d0f,1,,,,,,,,,,,,,,,,,,,,,,,,,,,,,,,,,,,,,2,2,2,2,2,2,2,2,2,2,2,,,,,,,,,,,,,,,,,,,,208
181a00d0f,0,,,,,,,,,,,,,,,,,,,,,,,,,,,,,,,,,,,,17,17,17,17,17,17,17,17,17,17,16,16,18,17,17,16,16,16,15,11,,,,,,,,,,,,208
0753e20,0,,,,,,,,,,,,,,,,,,,,,,,,,,,,,,,,,,,,,1,1,1,1,,,,,,,,,,,,,,,,,,,,,,,,,,,103
0753e20,1,,,,,,,,,,,,,,,,,,,,,,,,,,,,,,,,,,,,,1,1,1,1,,,,,,,,,,,,,,,,,,,,,,,,,,,103
0753e20,0,,,,,,,,,,,,,,,,,,,,,,,,,,,,,,,,,,,,1,1,1,1,1,,,,,,,,,,,,,,,,,,,,,,,,,,,104
0753e20,0,,,,,,,,,,,,,,,,,,,,,,,,,,,,,,,,,,,,4,4,4,4,4,,,,,,,,,,,,,,,,,1,1,1,2,2,1,1,1,1,1,104
0753e20,1,,,,,,,,,,,,,,,,,,,,,,,,,,,,,,,,,6,6,6,,,,,,,,,,,,,,1,1,1,,,,1,1,1,1,1,,,,,,,,110
0753e20,0,,,,,,,,,,,,,,,,,,,,,,,,,,,,,,,,,,,,6,6,6,6,6,6,6,6,6,6,6,6,5,5,5,5,5,5,5,3,3,3,3,3,4,4,4,4,4,4,4,110
0753e20,0,,,,,,,,,,,,,,,,,,,,,,,,,,,,,,,,,,,,,,,,,,,,,,,,1,1,1,1,1,1,1,1,1,1,1,1,1,1,1,1,1,1,1,201
0753e20,1,,,,,,,,,,,,,,,,,,,,,,,,,,,,,,,,,,,,,,,,,,,,,,1,1,,,,,,,,,,,,,,,,,,,,201
0753e20,0,,,,,,,,,,,,,,,,,,,,,,,,,,,,,,,,,,,,,,,,,,,,,,,,27,27,27,27,27,27,27,27,26,26,24,23,24,24,24,23,23,23,23,203
0753e20,0,,,,,,,,,,,,,,,,,,,,,,,,,,,,,,,,,,,,,6,6,6,6,6,5,5,5,5,5,7,7,3,3,4,4,4,3,3,3,4,4,4,4,4,4,4,4,4,4,203
0753e20,1,,,,,,,,,,,,,,,,,,,,,,,,,,,,,,,,,,,,,29,27,26,26,25,25,27,27,27,27,27,,1,1,1,1,1,1,1,1,1,1,1,,,,1,2,2,2,203
0753e20,1,,,,,,,,,,,,,,,,,,,,,,,,,,,,,,,,,,,,,,,,,,1,1,1,1,1,1,,1,1,1,2,2,2,3,3,3,3,3,,2,4,3,3,3,4,204
0753e20,0,,,,,,,,,,,,,,,,,,,,,,,,,,,,,,,,,1,1,1,5,10,10,10,10,10,11,11,11,11,11,12,7,4,6,8,8,7,6,5,5,5,8,11,10,10,10,8,8,8,6,204
0753e20,0,,,,,,,,,,,,,,,,,,,,,,,,,,,,,,,,,,,,18,18,18,18,18,18,18,18,18,17,17,17,24,21,21,19,19,19,18,18,16,15,15,15,17,17,17,16,16,16,16,204
0753e20,1,,,,,,,,,,,,,,,,,,,,,,,,,,,,,,,,,,,,,,,,,,,,,,8,8,,,1,1,1,1,1,1,1,1,1,1,,,,,,,,205
0753e20,0,,,,,,,,,,,,,,,,,,,,,,,,,,,,,,,,,,,,,,,,,,,,,,1,1,1,1,1,1,2,2,1,1,,,1,1,1,1,,,,,,205
0753e20,0,,,,,,,,,,,,,,,,,,,,,,,,,,,,,,,,,,,,,,,,,,,,,,,,8,7,7,7,6,6,6,6,6,6,6,6,7,7,7,7,7,7,7,205
4621e21e,0,,,,,,,,,,,,,,,,,,,,,,,,,,,,,,,,,,,,1,1,1,1,1,1,1,1,1,1,1,1,1,1,1,1,1,1,1,1,1,1,1,1,,,,,,,,101
4621e21e,0,1,1,1,1,1,1,1,1,1,1,1,1,1,1,1,1,1,1,1,1,1,1,1,1,1,1,1,1,1,1,1,1,1,1,1,,,,,,,,,,,,,,,,,,,,,,,,,,,,,,,,102
4621e21e,1,1,1,1,1,1,1,1,1,1,1,1,,,,,,,,,,,,,,,,,,,,,,,,,,1,1,1,1,1,1,1,1,1,1,1,,,,,,,,8,8,8,9,9,,,,,,,,103
4621e21e,0,,,,,,,,,,,,,,,,,,,,,,,,,,,,,,,,,,,,,,,,,,,,,,,,1,1,1,1,1,1,1,1,1,1,1,1,13,13,13,13,13,13,13,103
4621e21e,1,,,,,,,,,,,,,,,,,,,,1,1,1,1,1,1,1,1,1,1,1,1,1,1,1,1,,,,,,,,,,,,,,,,,,,,20,20,21,21,21,,,,2,5,7,8,104
4621e21e,0,,,,,,,,,,,,,,,,,,,,,,,,,,,,,,,,,,,,,,,,,,,,,,,,,,,,,,,10,11,11,12,14,14,17,16,19,18,16,13,104
4621e21e,0,,,,,,,,,,,,,,,,,,,,,,,,,,,,,,,,,,,,1,1,1,1,1,1,1,1,1,1,1,1,1,1,1,1,1,1,1,1,1,1,1,2,8,8,8,8,7,7,7,104
4621e21e,0,,,,,,,,,,,,1,1,1,1,1,1,1,1,1,1,1,1,1,1,1,1,1,1,1,1,1,1,1,1,1,1,1,1,1,1,1,1,1,1,1,1,1,1,1,1,1,1,1,3,3,3,3,3,1,1,1,1,1,1,1,201
4621e21e,0,,,,,,,,,,,,,,,,,,,,,,,,,,,,,,,,,,,,,,,,,,,,,,,,,,,,,,,,,,,,16,16,16,16,16,16,16,204
15382bdc,1,6,6,6,5,5,5,5,5,5,5,5,,,,,,,,,,,,,,,,,,,,,,,,,,,,,,,,,,,,,,,,,,,,,,,,,,,,,,,,103
15382bdc,0,,,,,,,,,,,,5,5,5,5,,,,,,,,,,,,,,,,,,,,,,,,,,,,,,,,,,,,,,,,,,,,,,,,,,,,103
15382bdc,1,7,7,7,7,7,8,8,10,11,11,11,,,,,,,,,,,,,,,,,,,,,,,,,,,,,,,,,,,,,,,,,,,,,,,,,,,,,,,,104
15382bdc,0,,,,,,,,,,,,10,10,10,10,2,2,2,2,2,2,2,2,2,2,2,2,2,2,2,2,2,2,2,2,2,1,,,,,,,,,,,,,,,,,,,,,,,,,,,,,,104
15382bdc,1,1,1,1,1,1,1,2,2,3,3,4,,,,,1,1,1,1,2,2,2,2,,,,,,,,1,1,1,1,1,,,,,,,,,,,,,,,,,,,,,,,,,,,,,,,,105
15382bdc,0,,,,,,,,,,,,6,6,6,6,6,6,6,6,6,6,6,6,8,8,8,7,7,7,7,7,7,7,7,7,8,,,,,,,,,,,,,,,,,,,,,,,,,,,,,,,105
15382bdc,0,4,4,4,4,4,4,4,4,4,4,4,4,4,4,4,3,3,3,3,3,3,3,3,3,3,2,2,2,2,2,2,2,2,2,2,2,,,,,,,,,,,,,,,,,,,,,,,,,,,,,,,111
15382bdc,1,14,14,14,14,13,13,13,12,12,12,12,10,10,10,10,10,10,10,10,10,10,10,10,9,9,9,9,9,9,9,9,9,9,9,9,7,3,,,,,,,,,,,,,,,,,,,,,,,,,,,,,,201
15382bdc,0,,,,,,,,,,,,1,1,1,1,1,1,1,1,1,1,1,1,2,2,2,2,2,2,2,2,2,2,2,2,4,,,,,,,,,,,,,,,,,,,,,,,,,,,,,,,201
15382bdc,0,,,,,,,,,,2,2,1,1,,,,,,,,,,,,,,,,,,,,,,,,,,,,,,,,,,,,,,,,,,,,,,,,,,,,,,204
15382bdc,0,1,1,1,1,1,1,1,1,1,1,1,2,2,2,2,,,,,,,,,,,,,,,,,,,,,,,,,,,,,,,,,,,,,,,,,,,,,,,,,,,,204
15382bdc,0,3,3,3,3,3,3,3,3,3,3,2,,,,,,,,,,,,,,,,,,,,,,,,,,,,,,,,,,,,,,,,,,,,,,,,,,,,,,,,205
15382bdc,1,,,,,,,1,1,1,1,,,,,,,,,,,,,,,,,,,,,,,,,,,,,,,,,,,,,,,,,,,,,,,,,,,,,,,,,205
751442cf6aa52,0,1,1,1,1,1,1,1,1,1,1,1,1,1,1,1,1,1,1,1,1,1,1,1,,,,,,,,,,,,,,,,,,,,,,,,,,,,,,,,,,,,,,,,,,,,102
751442cf6aa52,0,,,,,,,,,,,,,,,,,,,,,,,,3,3,3,3,3,3,3,3,3,3,2,2,2,2,2,2,2,2,2,2,2,2,2,2,2,2,2,2,2,2,2,1,1,1,1,1,3,3,3,3,3,3,3,103
751442cf6aa52,1,2,2,2,2,2,2,2,2,2,2,2,1,1,1,1,1,1,1,1,2,2,2,2,,,,,,,,,,,,,,,,,,,,,,,,,,2,2,2,2,3,3,2,3,3,3,4,1,1,2,2,2,2,2,103
751442cf6aa52,0,,,,,,,,,,,,,,,,,,,,,,,,,,,,,,,,,,,,,,,,,,1,1,1,,,,,,,,,,,,,,,,,,,,,,,103
751442cf6aa52,0,,,,,,,,,,,,,,,,,,,,,,,,,,,,,,,,,,,,1,1,1,1,1,1,1,1,1,1,1,1,1,1,,,,,,,,,,,,,,,,,,104
751442cf6aa52,1,89,89,90,91,90,93,92,94,94,94,97,,,2,7,8,11,11,16,17,17,17,19,4,6,6,6,6,6,6,7,8,8,10,9,,,,4,7,10,11,11,15,18,21,24,,,1,2,5,6,6,8,8,9,9,10,,1,,3,6,6,6,104
751442cf6aa52,0,16,16,16,16,16,15,15,15,13,13,12,110,110,110,110,110,109,109,108,108,108,108,103,118,118,117,117,116,116,115,115,116,113,109,109,117,115,114,113,113,112,112,112,112,112,112,112,134,134,134,134,133,129,128,128,128,128,128,126,131,130,126,125,123,121,121,104
751442cf6aa52,1,8,9,8,8,8,8,8,8,8,10,10,2,2,2,3,3,3,4,5,5,6,7,10,2,2,2,4,4,5,5,5,6,6,6,6,1,1,3,3,4,4,4,4,4,4,5,6,1,1,1,1,1,2,3,4,4,4,7,7,,1,1,1,1,2,2,108
751442cf6aa52,0,10,10,10,10,10,9,9,9,8,7,7,16,16,16,16,16,16,14,14,14,14,14,13,20,20,18,18,17,16,16,17,15,15,15,15,20,20,20,19,19,18,18,17,17,17,17,17,22,22,22,22,21,19,18,18,17,17,17,17,24,24,22,22,22,21,21,108
751442cf6aa52,0,3,3,3,3,3,3,3,3,3,2,2,7,7,6,6,6,6,6,6,6,6,4,4,9,9,9,9,9,9,9,9,9,9,9,9,12,12,12,12,12,12,12,12,11,11,11,11,11,11,11,11,11,11,11,11,11,11,11,11,11,11,11,11,11,11,11,110
751442cf6aa52,1,8,8,9,9,9,9,9,9,9,9,9,5,5,5,5,6,6,6,6,6,7,8,9,4,4,4,4,4,4,4,4,5,5,6,6,3,3,3,3,3,3,3,3,3,3,3,3,3,3,3,3,3,3,3,3,3,3,3,3,3,3,3,3,3,3,3,110
751442cf6aa52,0,1,1,1,1,1,1,1,1,1,1,1,,,,,,,,,,,,,,,,,,,,,,,,,,,,,,,,,,,,,,,,,,,,,,,,,,,,,,,,111
751442cf6aa52,1,52,53,52,52,52,53,57,57,56,56,56,47,47,47,47,47,47,47,47,48,48,48,48,46,46,47,45,45,45,45,45,45,46,46,46,44,44,44,43,43,43,43,43,43,43,43,43,42,42,42,42,42,42,42,42,42,42,42,42,41,41,41,41,40,40,40,201
751442cf6aa52,0,8,8,8,8,8,8,8,8,8,8,8,11,11,11,11,11,11,11,11,11,11,11,11,18,18,18,18,18,18,18,18,18,18,18,18,24,24,24,24,24,24,24,24,24,24,24,24,27,27,27,27,27,27,27,27,27,27,27,27,30,29,29,29,29,29,29,201
751442cf6aa52,1,,,,,,,,,,,,,,,,,,,,,,,,,,,,,,,,,,,,,,,,,,1,1,1,2,2,2,,,,,,,,,1,1,1,1,,,,,,,,202
751442cf6aa52,0,5,5,5,5,5,5,5,5,5,5,5,11,11,11,11,11,11,11,12,12,12,12,12,8,8,8,8,8,8,8,8,8,8,8,8,4,4,4,4,4,4,4,4,4,4,4,4,3,3,3,3,3,3,3,3,3,3,3,3,2,2,2,2,2,2,2,202
751442cf6aa52,1,3,3,4,4,4,4,4,4,4,4,5,2,2,2,2,2,2,2,2,2,2,2,2,1,1,1,1,2,2,2,2,2,2,2,2,,,,,,,,,,1,1,1,,,,,,,,,,,,,,,,,,,,203
751442cf6aa52,0,1,1,1,1,1,1,1,1,1,1,1,4,4,4,4,4,4,4,4,4,4,4,4,4,4,4,4,4,4,4,4,4,4,4,4,6,5,4,4,4,4,4,4,4,4,4,4,6,6,6,6,6,6,6,6,6,6,5,5,6,6,6,6,6,6,6,203
751442cf6aa52,0,,,,,,,,,,,,,,,,,,,,,,,,,,,,,,,,,,,,,,,,,,,,,,,,2,2,2,2,2,2,2,2,2,2,2,2,7,7,7,6,6,6,5,204
1681614e22723260,0,,,,,,,,,,,,1,1,1,1,1,1,1,1,1,1,1,1,2,2,2,2,2,2,2,2,2,2,2,2,7,7,7,7,7,7,7,7,7,7,7,7,8,8,8,8,8,8,8,8,8,8,8,8,14,14,14,14,15,14,14,110
1681614e22723260,1,2,2,2,2,2,2,2,2,2,2,2,1,1,1,1,1,1,1,1,1,1,1,1,,,,,1,2,2,2,3,3,4,5,,,,,,,,,1,1,1,1,,2,1,1,1,1,1,5,5,5,5,6,,,1,1,1,1,1,110
1681614e22723260,0,,,,,,,,,,,,,,,,,,,,,,,,,,,,,,,,,,,,,,,,,,,,,,,,,,,,,1,1,1,1,1,1,1,1,1,1,1,1,1,1,110
c7eaf147,1,2,2,2,2,2,2,2,2,2,2,2,1,1,1,1,1,1,1,1,1,1,1,1,1,1,1,1,1,1,1,1,1,1,1,1,,,,,,,,,,,,,,,,,,,,,,,,,,,,,,,,101
c7eaf147,0,,,,,,,,,,,,,,,,,,,,,,,,1,1,1,1,1,1,1,1,1,1,1,1,2,2,2,2,2,2,2,2,2,2,2,2,2,2,2,2,2,2,2,2,2,2,2,2,2,2,2,2,2,2,2,101
c7eaf147,0,,,,,,,,,,,,1,1,1,1,1,1,1,1,1,1,1,1,2,2,1,1,1,1,1,1,1,1,1,1,,,,,,,,,,,,,,,,,,,,,,,,,,,,,,,,102
c7eaf147,1,,,,,,,,,,,,,,,,,,,,1,1,1,1,,,,,,,,,,,,,,,,,,,,2,4,4,6,6,,,1,1,2,2,2,2,3,3,3,4,,,,1,2,2,2,103
c7eaf147,0,,,,,,,,,,2,,,,,,,,,,,,,,,,,,,,,,,5,5,7,7,8,8,9,8,7,8,13,13,13,13,12,6,6,6,6,6,6,6,6,6,6,6,6,5,5,5,5,5,5,6,103
c7eaf147,0,,,,,,,,,,,,,,,,,,,,,,,,,,,,,,,,,,,,1,1,1,1,1,1,1,3,3,3,3,3,12,13,13,13,13,13,13,15,15,15,15,15,21,21,19,19,16,16,14,103
c7eaf147,0,1,2,2,2,3,3,3,3,3,9,4,3,3,4,4,4,5,5,5,5,5,5,4,3,3,3,3,3,3,3,3,3,17,24,35,40,42,43,44,44,44,46,59,59,63,66,68,63,61,62,61,61,60,59,66,66,68,73,75,71,72,73,71,67,67,67,104
c7eaf147,0,10,10,10,9,9,9,9,9,9,9,9,23,22,21,21,21,21,21,21,21,21,21,21,27,26,26,26,26,26,26,26,25,25,25,25,39,39,39,39,39,39,38,38,37,37,37,37,53,46,46,46,45,43,43,44,44,44,44,44,63,62,59,59,59,59,58,104
c7eaf147,1,3,4,6,8,8,8,11,13,14,14,14,1,1,1,2,2,2,2,3,3,5,5,6,1,1,2,2,2,3,4,4,7,11,12,12,,,1,3,4,4,4,6,9,10,10,12,,1,1,3,3,3,3,4,7,10,10,10,,1,1,3,4,5,5,104
c7eaf147,1,5,5,5,5,5,5,6,6,6,6,6,1,1,1,1,1,1,1,1,1,1,1,1,1,1,2,2,2,2,2,2,3,3,3,3,1,2,3,4,4,3,4,3,3,3,4,4,,,,,,,,,,,,,,,,,,,,110
c7eaf147,0,2,2,2,2,2,2,2,2,2,2,2,7,7,7,7,7,7,7,7,7,7,7,7,7,7,7,7,7,7,7,7,6,6,6,6,8,8,8,8,8,8,8,8,8,8,8,8,12,12,12,12,12,12,12,12,12,12,12,11,11,11,11,10,10,10,9,110
c7eaf147,0,1,1,1,1,1,1,1,1,1,1,1,1,1,1,1,1,1,1,1,1,1,1,1,1,1,1,1,1,1,1,1,1,1,1,1,1,1,1,1,1,1,1,1,1,1,1,1,1,1,1,1,1,1,1,1,1,1,1,1,1,1,1,1,1,1,1,111
c7eaf147,1,63,63,63,61,59,57,55,55,56,56,57,46,46,46,45,45,44,43,44,43,43,43,43,32,32,32,32,32,32,32,32,32,32,32,32,26,26,26,26,26,25,23,23,23,23,23,23,20,16,14,14,14,14,14,14,14,14,14,14,13,13,11,11,11,10,10,201
c7eaf147,0,5,5,5,5,5,5,5,5,5,5,5,12,12,12,12,12,11,11,11,11,11,11,11,24,24,23,23,23,23,23,23,23,22,22,22,32,31,31,31,31,28,28,28,28,28,28,27,28,27,27,27,27,27,27,27,26,26,26,26,26,25,25,25,25,25,25,201
c7eaf147,1,,,,,,,2,2,2,2,2,,,,,,1,1,1,1,1,2,2,,,,1,1,2,2,2,2,3,4,4,,,,,,,,,,,,,,,,,,,,,,,,,,,,,,,,202
c7eaf147,0,3,3,3,3,3,3,3,3,3,3,3,10,10,10,10,10,10,10,10,10,10,10,10,8,8,8,8,8,8,8,8,8,8,8,8,6,6,6,6,6,6,6,6,6,5,5,5,4,3,3,3,3,3,3,3,3,3,3,3,2,2,2,2,2,2,2,202
c7eaf147,0,,,,,,,,,,,,1,1,1,1,1,1,1,1,1,1,1,1,2,2,2,2,2,2,2,2,2,2,2,2,6,6,6,6,6,4,4,4,4,4,4,5,15,11,11,11,11,11,10,10,10,10,10,10,22,22,22,20,21,21,21,203
c7eaf147,1,2,2,2,2,2,2,2,2,2,2,3,2,2,2,2,2,2,2,2,2,2,3,3,2,2,2,2,2,2,2,2,2,2,2,2,,,,,2,2,2,2,2,2,2,2,,,,,,,,2,4,5,5,5,,1,1,2,2,2,2,203
c7eaf147,0,2,2,2,2,2,2,2,2,2,2,2,2,2,2,2,2,3,3,3,3,3,2,2,2,2,2,2,2,2,2,2,2,2,2,2,2,2,2,2,3,5,5,6,9,10,14,14,5,7,7,7,7,8,8,10,10,11,11,11,6,6,6,3,3,3,3,203
c7eaf147,0,,,,,,,,,,,,,,,,,,,,,,,,,,,,,,,,,,,,1,1,1,1,1,1,1,1,1,1,1,1,1,1,1,1,1,1,1,1,1,1,1,1,,,,,,,,204
f1bb291911e,0,,,,,,,,,,,,,,,,,,,,,,,,,,,,,,1,1,2,2,2,2,,1,1,1,1,2,2,1,1,2,2,2,1,3,5,5,6,6,7,6,8,10,15,22,14,16,15,21,19,20,17,103
f1bb291911e,1,,,,,,,,,,,,,,,,,,,,,,,,,,,,,,,,,,1,1,,,,,,,,,,,,,,,,,,,,,,,1,1,,,,,,,,103
f1bb291911e,0,,,,,,,,,,,,,,,,,,,,,,,,,,,,,,,,,,,,,,,,,,,,,,,,,,,1,1,1,1,1,1,1,1,1,15,15,15,15,14,14,14,103
f1bb291911e,1,5,5,5,5,4,4,4,4,4,4,4,4,4,4,4,4,4,4,4,4,4,5,5,,,,,1,1,1,1,2,2,2,2,,,,1,1,1,1,1,1,1,1,1,,,,,,,,,,,,,,1,2,2,2,2,2,104
f1bb291911e,0,,,,,,,,,,,,,,,,,,,,,,,,,,,,,,,,,,,,,,,,,,,,,,,,,,,,,,,1,1,2,3,1,1,2,2,3,5,5,5,104
f1bb291911e,0,1,1,1,1,1,1,1,1,1,1,1,1,1,1,1,1,1,1,1,1,1,1,1,6,6,6,6,6,5,5,5,5,5,5,5,6,6,,,,,,,,,,,,,,,,,,,,,,,1,1,1,1,1,1,1,104
f1bb291911e,0,,,,,,,,,,,,,,,,,,,,,,,,,,,,,,,,,,,,,,,,,,,,,,,,,,,,,,1,5,5,5,6,5,2,2,3,3,3,3,3,105
f1bb291911e,1,,,,,,,,,,,,,,,1,2,2,2,2,2,2,2,2,,,,,,1,1,2,3,4,4,4,,1,1,1,1,1,2,3,6,6,6,6,,,,1,1,1,1,1,1,1,1,1,,,,,,,,105
f1bb291911e,0,,,,,,,,,,,,,,,,,,,,,,,,1,1,1,1,1,1,1,1,1,1,1,1,1,1,1,1,1,1,1,1,1,1,1,1,,,,,,,,,,,,,14,14,14,13,12,13,13,105
f1bb291911e,0,25,25,17,16,16,15,15,13,13,13,14,19,19,19,19,19,19,19,19,17,17,17,17,18,18,18,18,18,18,17,15,14,14,14,14,17,17,17,17,17,17,17,17,17,17,17,17,17,17,16,17,17,17,17,17,17,16,16,16,16,16,16,17,17,17,17,110
f1bb291911e,1,2,2,3,3,3,3,4,4,4,4,4,,,,1,1,1,1,2,2,3,3,3,,,1,1,2,2,2,3,3,3,3,3,,,,,,,,,,,,,,,,,,,,,,1,1,1,,,,,,,,110
f1bb291911e,0,,,,,,,,,,,1,1,1,1,1,,,,,1,1,,1,1,1,1,,,,,,,1,1,1,,,,,,,,,,,,,,,,,,,,,,,,,,,,,,,,110
f1bb291911e,0,2,2,2,2,2,2,2,2,2,2,2,,,,,,,,,,,,,,,,,,,,,,,,,,,,,,,,,,,,,,,,,,,,,,,,,,,,,,,,111
f1bb291911e,1,1,1,1,1,1,2,3,6,6,6,6,,,,,,,,,,,,,,1,1,1,1,1,1,1,3,3,3,3,,,1,1,1,1,1,1,1,1,1,1,,,,,,,,,,,,,,,,,,,,201
f1bb291911e,0,81,81,81,81,80,80,80,79,79,78,78,79,79,79,79,79,79,78,77,77,76,76,76,82,82,67,66,65,65,63,62,59,58,58,58,59,57,56,56,56,55,54,53,53,53,53,51,53,53,52,52,51,51,51,51,51,50,43,43,41,41,39,39,39,38,38,201
f1bb291911e,0,10,10,10,10,10,10,10,10,10,10,10,15,15,15,14,14,14,14,14,14,14,14,14,11,11,11,11,11,11,11,11,10,10,10,10,10,10,10,10,10,10,10,10,9,8,8,8,9,9,9,9,9,9,9,9,9,9,9,9,6,6,6,4,4,4,4,202
f1bb291911e,1,,,,,,,,,,,,,,,,,,,,1,1,1,1,,,,,,,,,,1,1,1,,,,,,,,,,,1,1,,,,,,,,,1,1,1,1,,,,1,1,1,1,202
f1bb291911e,0,4,4,4,4,4,4,4,4,4,4,4,4,4,4,4,4,4,4,4,4,4,4,4,2,2,2,2,2,2,2,2,2,1,1,1,10,9,8,8,7,7,5,5,5,5,5,5,8,8,8,8,7,7,7,6,6,7,7,7,7,7,7,7,7,6,6,203
f1bb291911e,1,,,,,,,,,,,,,1,1,1,1,1,1,,,,,,,,,1,1,1,1,1,1,1,1,1,,,,,,,,,2,2,3,3,,,,,,,,,,,,,,,,,,,,203
f1bb291911e,0,,,,,,,,,,,,,,,,,,,,,,,,,1,2,4,4,3,5,5,4,2,3,3,2,3,3,4,6,7,4,3,3,1,,,,,,,,,,,,,,,,,,,,,,203
f1bb291911e,0,,,,,,,,,,,,,,,,,,,,,,,,,,,1,1,1,3,3,3,4,3,2,,,,,,,,,,,,,,,,,,,,,,,,,,,,,,,,204
f1bb291911e,1,,,,,,,,,,,,,,,,1,1,1,1,1,1,1,1,,,2,2,2,2,2,1,1,1,1,,,,,,,,,,,,,,,,,,,,,,,,,,,,,,,,,204
f1bb291911e,0,5,5,5,5,5,5,5,5,5,5,5,5,5,5,4,4,4,4,4,3,3,3,3,4,3,3,3,3,3,2,2,1,1,1,,4,3,2,1,1,1,1,1,1,1,1,1,1,1,1,1,1,1,1,1,1,1,1,1,,,,,1,1,1,204
f1bb291911e,1,,,1,1,1,1,1,1,1,1,1,,,,,,,,,,,,1,,,2,2,2,2,3,3,3,3,3,3,,,,,,,,,,,,,,,,,,,,,,,,,,,,,,,,205
f1bb291911e,0,1,1,1,1,1,1,1,1,1,1,1,4,4,4,4,4,4,4,4,4,4,4,4,6,6,6,6,6,6,6,6,5,5,5,5,13,13,13,13,13,12,10,10,10,10,10,9,16,15,14,13,13,13,13,11,11,11,11,10,1,1,1,1,1,1,1,205
fe17a8e,0,6,6,6,6,6,6,6,6,6,6,6,9,9,9,9,9,9,9,9,9,9,9,9,12,12,12,12,12,12,12,12,12,12,12,12,8,8,8,8,8,8,8,8,7,7,7,7,7,7,7,7,7,7,7,7,7,7,7,7,4,4,4,4,4,4,4,102
fe17a8e,1,,,,,,,,,,,,,,,,,,,,1,1,1,1,,,,,1,1,1,1,1,1,1,1,,,,,,,,1,4,5,5,5,,1,1,1,1,1,1,1,2,2,3,3,,,,,,,,102
fe17a8e,0,,,,,,,,,,,,1,1,1,1,1,1,1,1,1,1,1,1,2,2,1,1,1,1,1,1,1,1,1,1,11,11,11,10,10,10,10,10,10,9,9,9,15,15,15,15,13,13,13,12,12,13,13,13,25,25,25,24,24,23,23,103
fe17a8e,0,,,,,,,,,,,,,,1,1,1,1,1,1,1,1,1,1,1,2,2,2,3,3,3,3,3,5,6,6,5,6,6,7,6,6,6,6,5,6,8,7,4,4,4,3,4,5,6,6,7,7,7,6,4,4,8,10,11,12,13,103
fe17a8e,1,1,1,1,1,1,1,1,1,1,1,1,,,,,,,,,,,,1,,,,,4,5,5,7,7,8,8,8,,1,1,,,,,,1,2,2,2,,,,,,2,3,4,4,4,3,3,,,1,1,1,1,1,103
fe17a8e,0,40,40,40,40,40,40,40,40,40,39,38,99,97,95,93,91,91,91,91,91,91,89,89,113,113,113,113,112,112,108,108,109,107,106,105,177,176,174,174,170,168,166,165,163,160,157,153,213,196,194,193,190,190,189,187,185,179,179,177,214,211,211,210,211,207,207,104
fe17a8e,0,2,2,2,2,2,2,2,2,2,4,4,2,2,2,2,2,2,2,2,4,4,3,3,6,9,12,12,16,17,17,20,20,21,20,23,15,17,17,17,15,15,19,22,30,32,33,33,6,10,12,12,13,22,28,30,32,35,39,39,31,39,44,47,56,64,65,104
fe17a8e,1,106,109,112,112,111,112,117,118,120,120,122,63,65,65,65,65,64,64,67,70,69,71,68,42,52,52,56,63,65,64,68,72,72,72,74,2,2,4,7,11,12,15,24,27,29,29,30,1,2,3,6,7,8,11,19,24,27,30,31,,1,2,3,3,3,3,104
fe17a8e,0,1,1,1,1,1,1,1,1,1,1,1,1,1,1,1,1,1,1,1,1,1,1,1,1,1,1,1,1,1,1,1,1,1,1,1,1,1,1,1,1,1,1,3,3,3,3,4,1,1,1,1,2,2,2,2,2,2,4,4,3,4,5,6,5,5,8,105
fe17a8e,1,22,27,27,26,26,26,26,26,27,31,32,3,3,3,3,4,4,4,6,7,7,9,12,2,3,3,3,3,3,3,3,5,7,9,13,,3,3,3,4,5,5,5,6,6,10,16,,1,1,3,3,3,3,4,4,4,5,7,,2,3,3,3,4,3,105
fe17a8e,0,6,6,6,6,6,6,6,6,6,6,6,34,34,32,32,32,32,32,31,31,31,31,29,38,38,37,37,37,37,36,36,36,35,35,35,45,45,45,44,43,42,42,41,41,41,41,40,58,57,57,57,57,57,56,55,55,54,54,54,63,62,63,65,65,65,63,105
fe17a8e,1,1,1,1,1,1,1,1,1,1,1,1,,,,,,,,,,,,,,,,,,,,,,,,,,,,,,,,,,,,,,,,,,,,,,,,,,,,,,,,108
fe17a8e,0,,,,,,,,,,,,1,1,1,1,1,1,1,1,1,1,1,1,1,1,1,1,1,1,1,1,1,1,1,1,1,1,1,1,1,1,1,1,1,1,1,1,1,1,1,1,1,1,1,1,1,1,1,1,1,1,1,1,1,1,1,108
fe17a8e,0,,,,,,,,,,,,,,,,,1,1,1,,,,,,,,,,,,,1,1,1,1,,,,,,,,,,,,,,,,,,,,,,,,,,,,,,,,110
fe17a8e,0,2,2,2,2,2,2,2,2,2,2,2,9,9,9,9,9,9,9,9,9,8,8,8,12,11,11,11,11,10,9,9,9,9,9,9,19,18,16,16,16,16,16,15,14,14,14,14,18,17,17,17,17,16,16,16,16,15,15,15,21,21,21,21,20,20,20,110
fe17a8e,1,8,8,8,7,8,8,9,9,9,9,9,2,2,2,4,4,2,2,3,5,5,5,5,1,2,3,4,4,6,7,6,7,7,7,8,,1,1,3,3,3,3,3,3,3,3,4,,,,,,,1,1,3,4,5,6,,1,3,4,6,7,8,110
fe17a8e,0,,,,,,,,,,,,,,,1,1,1,1,1,,,,,,,,,,,,,,,,,,,,,,,,,,,,,,,,,,,,,,,,,,,,,,,,111
fe17a8e,0,1,1,1,1,1,1,1,1,1,,,,,,,,,,,,,,,,,,,,,,,,,,,,,,,,,,,,,,,,,,,,,,,,,,,,,,,,,,111
fe17a8e,1,73,73,73,72,72,73,72,73,73,73,73,60,60,61,61,61,60,60,61,61,64,64,64,44,43,43,43,43,44,44,45,45,45,45,45,33,33,33,33,32,32,32,32,32,32,32,32,23,23,23,23,28,28,28,28,28,28,28,28,18,18,18,18,18,18,17,201
fe17a8e,0,27,27,26,26,24,24,24,24,24,24,24,34,34,34,34,34,34,34,34,34,34,34,33,50,50,50,50,50,50,50,50,50,50,50,50,71,70,70,70,70,69,69,68,68,68,68,68,81,80,79,79,79,79,79,79,79,78,77,77,91,91,90,90,89,89,89,201
fe17a8e,1,,,,,,,,,,,,,,,,,,,,,,,,,1,1,1,1,1,1,2,2,2,2,2,,,,,,,1,1,3,3,3,3,,,,,,,,,1,2,2,2,,1,1,1,1,1,1,202
fe17a8e,0,3,3,3,3,3,3,3,3,3,3,3,4,4,4,4,4,4,4,4,4,4,4,4,5,5,5,5,5,5,5,5,5,5,5,5,2,2,2,2,2,2,2,2,2,2,2,2,5,4,4,4,4,4,4,4,4,3,3,3,6,6,6,6,5,5,5,202
fe17a8e,0,,,,,,,,,,,,,,,,,,,,3,3,3,3,6,7,7,7,7,8,9,10,10,10,10,10,10,12,12,13,13,13,13,14,16,15,17,17,16,16,24,27,29,29,30,31,28,28,29,38,18,19,21,24,26,31,40,203
fe17a8e,1,2,2,2,1,1,1,1,1,1,1,,,,,,,1,1,1,1,1,1,1,,1,1,1,1,1,2,3,3,3,4,4,,,,,,,1,1,4,4,4,4,,,,,2,2,2,2,2,2,3,3,,,,,,1,1,203
fe17a8e,0,,,,,,,,,,,,,,,,,,,,,,,,1,1,1,1,1,1,1,1,1,1,1,1,6,6,6,6,6,6,6,6,6,6,5,5,11,8,8,8,8,8,8,8,6,6,6,6,22,21,20,20,19,19,18,203
fe17a8e,1,,,,,,,,,,,,,,1,1,1,1,1,1,4,4,4,5,,,,,,,,1,1,2,2,2,,,1,2,2,3,3,4,4,4,4,4,1,1,1,1,2,2,2,2,2,3,3,3,1,1,2,2,2,2,2,204
fe17a8e,0,,,,,,,,,,3,2,,,,,,,,,,,,,,1,2,2,2,2,2,2,4,4,4,5,5,5,7,7,6,7,6,7,8,8,14,18,19,21,28,32,39,41,44,46,46,47,46,57,35,46,55,61,64,70,74,204
fe17a8e,0,,,,,,,,,,,,2,2,2,2,2,2,2,2,2,2,1,1,6,6,6,6,6,6,6,6,6,6,6,6,20,21,21,21,21,21,21,21,21,20,19,18,16,13,13,12,12,12,12,12,11,11,11,11,43,43,41,41,40,39,37,204
fe17a8e,0,,,,,,,,,,,,,,,,,,,,,,,,,,,,,,,,,,,,,,,,,,,,,,,,,,,,,,,,,,1,5,,2,3,3,4,5,5,205
fe17a8e,0,,,,,,,,,,,,,,,,,,,,,,,,,,,,,,,,,,,,3,3,3,3,3,3,3,3,3,3,3,3,4,3,3,3,3,3,3,3,3,3,3,3,7,7,7,7,7,8,8,205
fe17a8e,0,2,2,1,,,,,,,,,,,,,,,,,,,,,,,,,,,,,,,,,,,,,,,,,,,,,,,,,,,,,,,,,,,,,,,,211
ffe6a9eb,1,5,5,5,5,5,5,11,11,11,11,11,,,,,,,,,,,,,,,,,1,1,1,1,1,1,1,1,,,,,,,,,,,,,,,,,,,,,,,,,,,,,,,,101
ffe6a9eb,0,3,3,3,3,3,3,3,3,3,3,3,5,5,5,5,5,5,4,4,4,4,4,3,,,,,,,,,,,,,,,,,,,,,,,,,13,13,12,12,12,12,12,12,12,12,12,12,13,13,2,2,2,2,2,101
ffe6a9eb,1,,,,,,,,,,,,,,,,,,,,,,,,,,1,1,1,1,1,1,1,1,1,1,,,,,,,,,,,,1,,,,,,,,,,,,,,,,,,,,102
ffe6a9eb,0,9,9,9,9,9,9,9,9,9,9,9,1,1,1,1,1,1,1,1,1,1,1,1,1,1,1,1,1,1,1,1,1,1,1,1,,,,,,,,,,,,,3,3,3,3,3,3,3,3,3,3,3,3,2,2,,,,,,102
ffe6a9eb,0,1,1,1,1,1,1,1,1,1,1,1,2,2,2,2,2,2,2,2,2,2,2,2,,,,,,,,,,,,,,,,,,,,,,,,,,,,,,,,,,,,,,,,,,,,103
ffe6a9eb,0,25,25,25,25,24,23,23,23,23,23,22,66,66,62,61,61,59,56,56,56,54,54,52,11,10,8,8,8,8,8,8,8,8,8,8,8,8,8,8,7,7,6,6,5,5,5,5,18,18,18,18,18,18,18,17,17,16,16,15,17,16,10,10,10,10,10,104
ffe6a9eb,0,,,,,,,,,,,,,,,,,,,1,1,1,1,,1,1,2,2,2,2,1,1,,2,1,1,,,,,,,,,,,,,,,,,,,,,,,,,,1,,,1,3,9,104
ffe6a9eb,1,16,16,16,16,18,18,19,19,19,21,21,2,2,3,3,4,5,6,6,6,6,6,6,,,,,1,1,1,2,2,2,3,3,,1,1,1,1,1,1,1,3,3,3,5,,2,4,4,4,5,6,7,7,9,9,11,,2,2,3,5,6,6,104
ffe6a9eb,0,6,6,6,6,6,6,6,6,6,5,5,15,15,15,15,15,15,15,14,14,14,14,13,9,9,9,9,9,9,9,9,9,9,9,9,11,11,11,11,10,10,10,10,10,10,10,10,20,20,20,20,20,20,19,19,19,19,19,19,24,24,18,18,18,18,18,105
ffe6a9eb,0,,,,,,,,,,,,,,,,,,,,,,,,,,,,,,,,,,,,,,,,,,,,,,,,,,,,1,1,1,1,1,1,1,,,,,,1,1,1,105
ffe6a9eb,1,5,5,6,6,6,7,8,9,9,9,10,,1,2,2,2,2,2,2,2,5,5,5,,,,4,5,5,5,6,7,6,8,9,,3,6,8,9,9,9,9,9,9,9,11,,2,2,3,3,3,3,5,11,11,11,11,,,,,,,,105
ffe6a9eb,0,1,1,1,1,1,1,1,1,1,,,,,,,,,,,,,,,,,,,,,,,,,,,,,,,,,,,,,,,,,,,,,,,,,,,,,,,,,,107
ffe6a9eb,0,2,2,2,2,2,2,2,2,2,2,2,2,2,2,2,2,2,2,2,2,2,2,2,,,,,,,,,,,,,,,,,,,,,,,,,,,,,,,,,,,,,,,,,,,,108
ffe6a9eb,0,12,12,12,12,11,11,11,11,11,10,10,20,20,18,18,18,18,17,17,16,15,15,15,29,27,27,27,27,27,26,25,23,23,22,21,23,23,22,22,22,22,22,21,21,21,21,21,24,24,24,24,23,23,22,22,23,23,22,22,25,25,25,25,25,25,25,110
ffe6a9eb,0,2,2,2,2,,,,,,,,,,,1,1,,,,,,,,,,,,,,,,,,,,,,,,,,,,,,,,,,,,,,,,,,,,,,,,,,,110
ffe6a9eb,1,14,14,14,14,13,13,12,13,13,13,13,3,4,5,5,5,5,6,8,10,11,12,15,,1,2,3,3,4,4,2,2,2,2,2,,,1,2,2,2,2,2,3,3,3,4,,,2,3,3,3,3,3,3,3,3,3,,1,1,1,1,1,1,110
ffe6a9eb,0,3,3,2,1,,,,,,,,,,,,,,,,,,,,,,,,,,,,,,,,,,,,,,,,,,,,,,,,,,,,,,,,,,,,,,,111
ffe6a9eb,0,1,1,1,1,1,1,1,,,,,,,,,,,,,,,,,,,,,,,,,,,,,,,,,,,,,,,,,,,,,,,,,,,,,,,,,,,,111
ffe6a9eb,0,41,41,40,40,40,40,40,40,40,40,40,161,159,154,153,149,148,146,145,142,140,138,138,153,149,149,148,146,146,146,145,143,142,139,139,147,146,145,144,143,142,142,140,139,136,133,132,131,129,129,128,125,123,123,123,123,122,122,121,124,120,103,102,101,100,99,201
ffe6a9eb,1,132,132,125,126,126,125,126,132,132,133,132,4,5,6,6,6,6,6,10,12,12,12,11,1,1,1,2,2,2,2,2,4,5,6,6,1,1,1,1,1,1,1,1,3,3,3,4,,,1,1,1,1,1,1,1,1,1,1,,,,,,,,201
ffe6a9eb,1,2,2,1,1,2,2,4,9,10,10,10,,,,,,,,3,4,7,7,7,,1,1,1,1,1,1,2,3,3,5,5,,,1,1,2,3,3,2,7,8,10,10,,,,,,,,1,6,11,11,11,,,,,,,,202
ffe6a9eb,0,7,7,7,7,7,6,6,6,6,6,6,39,39,39,39,39,39,37,35,34,32,29,29,31,29,29,29,29,29,28,28,28,27,23,23,25,24,24,24,24,24,24,23,23,23,22,21,26,25,25,24,24,24,24,24,23,23,22,22,31,30,26,26,25,25,25,202
ffe6a9eb,0,,,,,,,,,,2,3,3,3,3,4,4,4,3,3,3,2,2,2,,2,1,1,1,2,3,4,6,6,6,6,1,1,1,1,,,1,1,1,3,3,3,1,1,1,1,,,,,1,1,1,,1,1,2,2,2,3,5,203
ffe6a9eb,1,5,5,5,6,6,6,6,6,6,6,6,,,,,,,,,,,,,,,,,,,,,1,1,1,1,,,,,,,,,1,1,1,1,,,,,,,,,,,,,,,,1,1,1,1,203
ffe6a9eb,0,3,3,3,3,3,3,3,3,3,3,3,5,5,5,5,5,5,5,4,4,4,4,4,10,9,8,8,8,8,7,7,6,6,6,6,15,13,13,13,13,11,11,10,10,8,7,7,6,6,5,5,5,4,4,4,4,4,5,5,7,8,6,6,6,6,5,203
ffe6a9eb,1,28,28,30,29,28,28,28,28,27,27,27,1,1,2,5,9,10,10,11,11,11,11,13,,1,1,2,2,2,2,2,3,4,5,8,,,,1,1,1,1,1,1,1,1,1,,,1,2,2,2,2,2,2,3,3,4,,,,,,,,204
ffe6a9eb,0,,,,,,,,,,,,1,,,,,,,,,,,,66,64,63,63,62,62,61,59,58,58,57,57,77,76,75,74,74,74,73,71,71,68,68,65,60,60,60,60,58,58,57,55,54,54,52,53,68,66,35,35,35,35,34,204
ffe6a9eb,0,2,2,2,2,2,2,2,1,2,3,3,2,2,2,2,2,2,4,5,7,5,6,8,1,2,3,4,5,11,15,14,17,18,16,14,1,1,4,5,6,7,6,7,7,3,4,9,7,8,7,7,6,6,5,4,3,3,5,4,3,3,4,6,7,10,11,204
ffe6a9eb,1,,,,,,,,,,,,,,1,1,2,2,2,3,3,3,3,3,,,,1,1,1,1,1,1,1,1,1,,,1,1,1,1,1,1,1,1,1,,,,,,,,,,,,,,,,,,,,,205
ffe6a9eb,0,,,,,,,,,,,,,,,,,,,,,,,,,,,,,,,,,,,,,,1,1,1,1,1,1,1,,,,,,,,,,,,,,,,,,,,,,,205
ffe6a9eb,0,,,,,,,,,,,,,,,,,,,,,,,,14,14,14,13,13,13,13,13,13,13,13,13,21,21,21,21,22,22,22,22,22,22,22,22,22,22,22,22,22,22,21,20,20,20,20,20,26,26,26,26,26,27,27,205
ffe6a9eb,0,,,,,,,,,,,,,,,,,,,,,,,,2,2,2,2,2,2,2,2,2,2,2,2,2,1,1,1,1,1,1,1,1,1,1,1,2,1,1,1,1,1,1,1,1,1,1,1,1,1,1,1,,,,208
ffe6a9eb,1,,,,,,,,,,,,,,,,,,,,,,,,,,,,,,,,,,,,,,1,1,1,1,1,1,1,1,1,1,,,,,,,,,,,,,,,,,,,,208
ffe6a9eb,1,,,,,,,1,1,1,1,1,,,,,,,,,,,,,,,,,,,,,,,,,,,,,,,,,,,,,,,,,,,,,,,,,,,,,,,,210
ffe6a9eb,0,,,,,,,,,,,,1,1,1,1,1,1,1,1,1,1,1,1,1,1,1,1,1,1,1,1,1,1,1,1,2,2,1,1,1,1,1,1,1,1,1,1,1,1,1,1,1,1,1,1,1,1,1,1,1,1,1,1,1,1,1,210
